{
	"credit": "Made with Blockbench",
	"parent": "leather",
	"texture_size": [8, 8],
	"textures": {
		"0": "olhos",
		"particle": "olhos"
	},
	"elements": [
		{
			"from": [3.25, 7, 7],
			"to": [6.75, 10.5, 10.5],
			"rotation": {"angle": 0, "axis": "y", "origin": [8, 8, 8]},
			"faces": {
				"north": {"uv": [0, 0, 0.75, 0.75], "texture": "#0"},
				"east": {"uv": [0, 0, 0.25, 0.25], "texture": "#0"},
				"south": {"uv": [0, 0, 0.25, 0.25], "texture": "#0"},
				"west": {"uv": [0, 0, 0.25, 0.25], "texture": "#0"},
				"up": {"uv": [0, 0, 0.25, 0.25], "texture": "#0"},
				"down": {"uv": [0, 0, 0.25, 0.25], "texture": "#0"}
			}
		},
		{
			"from": [9.6, 7, 7],
			"to": [13.1, 10.5, 10.5],
			"rotation": {"angle": 0, "axis": "y", "origin": [8, 8, 8]},
			"faces": {
				"north": {"uv": [0, 0, 0.75, 0.75], "texture": "#0"},
				"east": {"uv": [0, 0, 0.25, 0.25], "texture": "#0"},
				"south": {"uv": [0, 0, 0.25, 0.25], "texture": "#0"},
				"west": {"uv": [0, 0, 0.25, 0.25], "texture": "#0"},
				"up": {"uv": [0, 0, 0.25, 0.25], "texture": "#0"},
				"down": {"uv": [0, 0, 0.25, 0.25], "texture": "#0"}
			}
		}
	],
	"display": {
		"head": {
			"translation": [-0.25, -2.5, -6]
		}
	},
	"groups": [
		{
			"name": "direito",
			"origin": [8, 8, 8],
			"color": 0,
			"children": [0]
		},
		{
			"name": "esquerdo",
			"origin": [8, 8, 8],
			"color": 0,
			"children": [1]
		}
	]
}