{
	"credit": "Made with Blockbench",
	"parent": "nether_brick",
	"texture_size": [8, 8],
	"textures": {
		"0": "item/zombie/olhos/olhos",
		"particle": "item/zombie/olhos/olhos"
	},
	"elements": [
		{
			"from": [3.25, 7, 7],
			"to": [6.75, 10.5, 10.5],
			"rotation": {"angle": 0, "axis": "y", "origin": [8, 8, 8]},
			"faces": {
				"north": {"uv": [1, 0, 1.75, 0.75], "texture": "#0"},
				"east": {"uv": [0, 0, 0.25, 0.25], "texture": "#0"},
				"south": {"uv": [0, 0, 0.25, 0.25], "texture": "#0"},
				"west": {"uv": [0, 0, 0.25, 0.25], "texture": "#0"},
				"up": {"uv": [0, 0, 0.25, 0.25], "texture": "#0"},
				"down": {"uv": [0, 0, 0.25, 0.25], "texture": "#0"}
			}
		},
		{
			"from": [9.7, 7, 7],
			"to": [13.2, 10.5, 10.5],
			"rotation": {"angle": 0, "axis": "y", "origin": [8, 8, 8]},
			"faces": {
				"north": {"uv": [1, 0, 1.75, 0.75], "texture": "#0"},
				"east": {"uv": [0, 0, 0.25, 0.25], "texture": "#0"},
				"south": {"uv": [0, 0, 0.25, 0.25], "texture": "#0"},
				"west": {"uv": [0, 0, 0.25, 0.25], "texture": "#0"},
				"up": {"uv": [0, 0, 0.25, 0.25], "texture": "#0"},
				"down": {"uv": [0, 0, 0.25, 0.25], "texture": "#0"}
			}
		}
	],
	"display": {
		"thirdperson_righthand": {
			"scale": [0.5, 0.5, 0.5]
		},
		"thirdperson_lefthand": {
			"scale": [0.5, 0.5, 0.5]
		},
		"firstperson_righthand": {
			"scale": [0.5, 0.5, 0.5]
		},
		"firstperson_lefthand": {
			"scale": [0.5, 0.5, 0.5]
		},
		"gui": {
			"rotation": [180, 0, 0],
			"translation": [0, 0.75, 0]
		},
		"head": {
			"translation": [-0.25, -1.5, -6]
		}
	},
	"groups": [
		{
			"name": "direito",
			"origin": [8, 8, 8],
			"color": 0,
			"children": [0]
		},
		{
			"name": "esquerdo",
			"origin": [8, 8, 8],
			"color": 0,
			"children": [1]
		}
	]
}
