{
	"credit": "Made with Blockbench",
	"parent": "nether_brick",
	"textures": {
		"0": "item/medicina/medicinal",
		"particle": "item/medicina/medicinal"
	},
	"elements": [
		{
			"from": [4, -0.01, 4.9],
			"to": [6, 8.015, 6.9],
			"rotation": {"angle": 0, "axis": "y", "origin": [0, 0, 0], "rescale": true},
			"faces": {
				"north": {"uv": [1.875, 1.8375, 2, 1.9625], "texture": "#0"},
				"east": {"uv": [1.875, 1.8375, 2, 1.9625], "texture": "#0"},
				"south": {"uv": [1.875, 1.8375, 2, 1.9625], "texture": "#0"},
				"west": {"uv": [1.875, 1.8375, 2, 1.9625], "texture": "#0"},
				"up": {"uv": [0, 0, 2, 2], "rotation": 270, "texture": "#0"},
				"down": {"uv": [0, 0, 2, 2], "rotation": 270, "texture": "#0"}
			}
		},
		{
			"from": [4.625, 0, 5],
			"to": [5.25, 8, 5.25],
			"rotation": {"angle": 0, "axis": "y", "origin": [0, 0, 0], "rescale": true},
			"faces": {
				"north": {"uv": [2.125, 0, 2.25, 2], "texture": "#0"},
				"east": {"uv": [2.125, 0, 2.25, 2], "texture": "#0"},
				"south": {"uv": [2.125, 0, 2.25, 2], "texture": "#0"},
				"west": {"uv": [2.125, 0, 2.25, 2], "texture": "#0"},
				"up": {"uv": [2.125, 0, 2.25, 0.25], "texture": "#0"},
				"down": {"uv": [2.125, 0, 2.25, 0.25], "texture": "#0"}
			}
		},
		{
			"from": [5.25, 0, 5.125],
			"to": [5.5, 8, 5.375],
			"rotation": {"angle": 0, "axis": "y", "origin": [0, 0, 0], "rescale": true},
			"faces": {
				"north": {"uv": [2.125, 0, 2.25, 2], "texture": "#0"},
				"east": {"uv": [2.125, 0, 2.25, 2], "texture": "#0"},
				"south": {"uv": [2.125, 0, 2.25, 2], "texture": "#0"},
				"west": {"uv": [2.125, 0, 2.25, 2], "texture": "#0"},
				"up": {"uv": [2.125, 0, 2.25, 0.25], "texture": "#0"},
				"down": {"uv": [2.125, 0, 2.25, 0.25], "texture": "#0"}
			}
		},
		{
			"from": [5.375, 0, 5.25],
			"to": [5.625, 8, 5.5],
			"rotation": {"angle": 0, "axis": "y", "origin": [0, 0, 0], "rescale": true},
			"faces": {
				"north": {"uv": [2.125, 0, 2.25, 2], "texture": "#0"},
				"east": {"uv": [2.125, 0, 2.25, 2], "texture": "#0"},
				"south": {"uv": [2.125, 0, 2.25, 2], "texture": "#0"},
				"west": {"uv": [2.125, 0, 2.25, 2], "texture": "#0"},
				"up": {"uv": [2.125, 0, 2.25, 0.25], "texture": "#0"},
				"down": {"uv": [2.125, 0, 2.25, 0.25], "texture": "#0"}
			}
		},
		{
			"from": [5.375, 0, 6.375],
			"to": [5.625, 8, 6.625],
			"rotation": {"angle": 0, "axis": "y", "origin": [0, 0, 0], "rescale": true},
			"faces": {
				"north": {"uv": [2.125, 0, 2.25, 2], "texture": "#0"},
				"east": {"uv": [2.125, 0, 2.25, 2], "texture": "#0"},
				"south": {"uv": [2.125, 0, 2.25, 2], "texture": "#0"},
				"west": {"uv": [2.125, 0, 2.25, 2], "texture": "#0"},
				"up": {"uv": [2.125, 0, 2.25, 0.25], "texture": "#0"},
				"down": {"uv": [2.125, 0, 2.25, 0.25], "texture": "#0"}
			}
		},
		{
			"from": [5.25, 0, 6.5],
			"to": [5.5, 8, 6.75],
			"rotation": {"angle": 0, "axis": "y", "origin": [0, 0, 0], "rescale": true},
			"faces": {
				"north": {"uv": [2.125, 0, 2.25, 2], "texture": "#0"},
				"east": {"uv": [2.125, 0, 2.25, 2], "texture": "#0"},
				"south": {"uv": [2.125, 0, 2.25, 2], "texture": "#0"},
				"west": {"uv": [2.125, 0, 2.25, 2], "texture": "#0"},
				"up": {"uv": [2.125, 0, 2.25, 0.25], "texture": "#0"},
				"down": {"uv": [2.125, 0, 2.25, 0.25], "texture": "#0"}
			}
		},
		{
			"from": [4.375, 0, 6.5],
			"to": [4.625, 8, 6.75],
			"rotation": {"angle": 0, "axis": "y", "origin": [0, 0, 0], "rescale": true},
			"faces": {
				"north": {"uv": [2.125, 0, 2.25, 2], "texture": "#0"},
				"east": {"uv": [2.125, 0, 2.25, 2], "texture": "#0"},
				"south": {"uv": [2.125, 0, 2.25, 2], "texture": "#0"},
				"west": {"uv": [2.125, 0, 2.25, 2], "texture": "#0"},
				"up": {"uv": [2.125, 0, 2.25, 0.25], "texture": "#0"},
				"down": {"uv": [2.125, 0, 2.25, 0.25], "texture": "#0"}
			}
		},
		{
			"from": [4.375, 0, 5.125],
			"to": [4.625, 8, 5.375],
			"rotation": {"angle": 0, "axis": "y", "origin": [0, 0, 0], "rescale": true},
			"faces": {
				"north": {"uv": [2.125, 0, 2.25, 2], "texture": "#0"},
				"east": {"uv": [2.125, 0, 2.25, 2], "texture": "#0"},
				"south": {"uv": [2.125, 0, 2.25, 2], "texture": "#0"},
				"west": {"uv": [2.125, 0, 2.25, 2], "texture": "#0"},
				"up": {"uv": [2.125, 0, 2.25, 0.25], "texture": "#0"},
				"down": {"uv": [2.125, 0, 2.25, 0.25], "texture": "#0"}
			}
		},
		{
			"from": [4.225, 0, 5.45],
			"to": [5.225, 8, 6.45],
			"rotation": {"angle": 0, "axis": "y", "origin": [0, 0, 0], "rescale": true},
			"faces": {
				"north": {"uv": [2.125, 0, 2.25, 2], "texture": "#0"},
				"east": {"uv": [2.125, 0, 2.25, 2], "texture": "#0"},
				"south": {"uv": [2.125, 0, 2.25, 2], "texture": "#0"},
				"west": {"uv": [2.125, 0, 2.25, 2], "texture": "#0"},
				"up": {"uv": [2.125, 0, 2.25, 0.25], "texture": "#0"},
				"down": {"uv": [2.125, 0, 2.25, 0.25], "texture": "#0"}
			}
		},
		{
			"from": [4.425, 0, 5.225],
			"to": [5.425, 8, 6.225],
			"rotation": {"angle": 0, "axis": "y", "origin": [0, 0, 0], "rescale": true},
			"faces": {
				"north": {"uv": [2.125, 0, 2.25, 2], "texture": "#0"},
				"east": {"uv": [2.125, 0, 2.25, 2], "texture": "#0"},
				"south": {"uv": [2.125, 0, 2.25, 2], "texture": "#0"},
				"west": {"uv": [2.125, 0, 2.25, 2], "texture": "#0"},
				"up": {"uv": [2.125, 0, 2.25, 0.25], "texture": "#0"},
				"down": {"uv": [2.125, 0, 2.25, 0.25], "texture": "#0"}
			}
		},
		{
			"from": [4.65, 0, 5.475],
			"to": [5.65, 8, 6.475],
			"rotation": {"angle": 0, "axis": "y", "origin": [0, 0, 0], "rescale": true},
			"faces": {
				"north": {"uv": [2.125, 0, 2.25, 2], "texture": "#0"},
				"east": {"uv": [2.125, 0, 2.25, 2], "texture": "#0"},
				"south": {"uv": [2.125, 0, 2.25, 2], "texture": "#0"},
				"west": {"uv": [2.125, 0, 2.25, 2], "texture": "#0"},
				"up": {"uv": [2.125, 0, 2.25, 0.25], "texture": "#0"},
				"down": {"uv": [2.125, 0, 2.25, 0.25], "texture": "#0"}
			}
		},
		{
			"from": [4.45, 0, 5.675],
			"to": [5.45, 8, 6.675],
			"rotation": {"angle": 0, "axis": "y", "origin": [0, 0, 0], "rescale": true},
			"faces": {
				"north": {"uv": [2.125, 0, 2.25, 2], "texture": "#0"},
				"east": {"uv": [2.125, 0, 2.25, 2], "texture": "#0"},
				"south": {"uv": [2.125, 0, 2.25, 2], "texture": "#0"},
				"west": {"uv": [2.125, 0, 2.25, 2], "texture": "#0"},
				"up": {"uv": [2.125, 0, 2.25, 0.25], "texture": "#0"},
				"down": {"uv": [2.125, 0, 2.25, 0.25], "texture": "#0"}
			}
		},
		{
			"from": [4.25, 0, 6.375],
			"to": [4.5, 8, 6.625],
			"rotation": {"angle": 0, "axis": "y", "origin": [0, 0, 0], "rescale": true},
			"faces": {
				"north": {"uv": [2.125, 0, 2.25, 2], "texture": "#0"},
				"east": {"uv": [2.125, 0, 2.25, 2], "texture": "#0"},
				"south": {"uv": [2.125, 0, 2.25, 2], "texture": "#0"},
				"west": {"uv": [2.125, 0, 2.25, 2], "texture": "#0"},
				"up": {"uv": [2.125, 0, 2.25, 0.25], "texture": "#0"},
				"down": {"uv": [2.125, 0, 2.25, 0.25], "texture": "#0"}
			}
		},
		{
			"from": [4.125, 0, 6.25],
			"to": [4.375, 8, 6.5],
			"rotation": {"angle": 0, "axis": "y", "origin": [0, 0, 0], "rescale": true},
			"faces": {
				"north": {"uv": [2.125, 0, 2.25, 2], "texture": "#0"},
				"east": {"uv": [2.125, 0, 2.25, 2], "texture": "#0"},
				"south": {"uv": [2.125, 0, 2.25, 2], "texture": "#0"},
				"west": {"uv": [2.125, 0, 2.25, 2], "texture": "#0"},
				"up": {"uv": [2.125, 0, 2.25, 0.25], "texture": "#0"},
				"down": {"uv": [2.125, 0, 2.25, 0.25], "texture": "#0"}
			}
		},
		{
			"from": [4.25, 0, 5.25],
			"to": [4.5, 8, 5.5],
			"rotation": {"angle": 0, "axis": "y", "origin": [0, 0, 0], "rescale": true},
			"faces": {
				"north": {"uv": [2.125, 0, 2.25, 2], "texture": "#0"},
				"east": {"uv": [2.125, 0, 2.25, 2], "texture": "#0"},
				"south": {"uv": [2.125, 0, 2.25, 2], "texture": "#0"},
				"west": {"uv": [2.125, 0, 2.25, 2], "texture": "#0"},
				"up": {"uv": [2.125, 0, 2.25, 0.25], "texture": "#0"},
				"down": {"uv": [2.125, 0, 2.25, 0.25], "texture": "#0"}
			}
		},
		{
			"from": [4.625, 0, 6.625],
			"to": [5.25, 8, 6.875],
			"rotation": {"angle": 0, "axis": "y", "origin": [0, 0, 0], "rescale": true},
			"faces": {
				"north": {"uv": [2.125, 0, 2.25, 2], "texture": "#0"},
				"east": {"uv": [2.125, 0, 2.25, 2], "texture": "#0"},
				"south": {"uv": [2.125, 0, 2.25, 2], "texture": "#0"},
				"west": {"uv": [2.125, 0, 2.25, 2], "texture": "#0"},
				"up": {"uv": [2.125, 0, 2.25, 0.25], "texture": "#0"},
				"down": {"uv": [2.125, 0, 2.25, 0.25], "texture": "#0"}
			}
		},
		{
			"from": [5.5, 0, 5.375],
			"to": [5.75, 8, 5.625],
			"rotation": {"angle": 0, "axis": "y", "origin": [0, 0, 0], "rescale": true},
			"faces": {
				"north": {"uv": [2.125, 0, 2.25, 2], "texture": "#0"},
				"east": {"uv": [2.125, 0, 2.25, 2], "texture": "#0"},
				"south": {"uv": [2.125, 0, 2.25, 2], "texture": "#0"},
				"west": {"uv": [2.125, 0, 2.25, 2], "texture": "#0"},
				"up": {"uv": [2.125, 0, 2.25, 0.25], "texture": "#0"},
				"down": {"uv": [2.125, 0, 2.25, 0.25], "texture": "#0"}
			}
		},
		{
			"from": [5.5, 0, 6.2],
			"to": [5.75, 8, 6.5],
			"rotation": {"angle": 0, "axis": "y", "origin": [0, 0, 0], "rescale": true},
			"faces": {
				"north": {"uv": [2.125, 0, 2.25, 2], "texture": "#0"},
				"east": {"uv": [2.125, 0, 2.25, 2], "texture": "#0"},
				"south": {"uv": [2.125, 0, 2.25, 2], "texture": "#0"},
				"west": {"uv": [2.125, 0, 2.25, 2], "texture": "#0"},
				"up": {"uv": [2.125, 0, 2.25, 0.25], "texture": "#0"},
				"down": {"uv": [2.125, 0, 2.25, 0.25], "texture": "#0"}
			}
		},
		{
			"from": [5.625, 0, 5.625],
			"to": [5.875, 8, 6.25],
			"rotation": {"angle": 0, "axis": "y", "origin": [0, 0, 0], "rescale": true},
			"faces": {
				"north": {"uv": [2.125, 0, 2.25, 2], "texture": "#0"},
				"east": {"uv": [2.125, 0, 2.25, 2], "texture": "#0"},
				"south": {"uv": [2.125, 0, 2.25, 2], "texture": "#0"},
				"west": {"uv": [2.125, 0, 2.25, 2], "texture": "#0"},
				"up": {"uv": [2.125, 0, 2.25, 0.25], "texture": "#0"},
				"down": {"uv": [2.125, 0, 2.25, 0.25], "texture": "#0"}
			}
		},
		{
			"from": [4.125, 0, 5.375],
			"to": [4.375, 8, 6],
			"rotation": {"angle": 0, "axis": "y", "origin": [0, 0, 0], "rescale": true},
			"faces": {
				"north": {"uv": [2.125, 0, 2.25, 2], "texture": "#0"},
				"east": {"uv": [2.125, 0, 2.25, 2], "texture": "#0"},
				"south": {"uv": [2.125, 0, 2.25, 2], "texture": "#0"},
				"west": {"uv": [2.125, 0, 2.25, 2], "texture": "#0"},
				"up": {"uv": [2.125, 0, 2.25, 0.25], "texture": "#0"},
				"down": {"uv": [2.125, 0, 2.25, 0.25], "texture": "#0"}
			}
		},
		{
			"from": [4, 0, 5.625],
			"to": [4.25, 8, 6.25],
			"rotation": {"angle": 0, "axis": "y", "origin": [0, 0, 0], "rescale": true},
			"faces": {
				"north": {"uv": [2.125, 0, 2.25, 2], "texture": "#0"},
				"east": {"uv": [2.125, 0, 2.25, 2], "texture": "#0"},
				"south": {"uv": [2.125, 0, 2.25, 2], "texture": "#0"},
				"west": {"uv": [2.125, 0, 2.25, 2], "texture": "#0"},
				"up": {"uv": [2.125, 0, 2.25, 0.25], "texture": "#0"},
				"down": {"uv": [2.125, 0, 2.25, 0.25], "texture": "#0"}
			}
		}
	],
	"display": {
		"thirdperson_righthand": {
			"rotation": [0, 0, 90],
			"translation": [-4, 0.75, -1.25]
		},
		"thirdperson_lefthand": {
			"rotation": [0, 0, 90],
			"translation": [-4, -0.75, -1.25]
		},
		"firstperson_righthand": {
			"rotation": [0, 0, 90],
			"translation": [-4, 0.25, -2]
		},
		"firstperson_lefthand": {
			"rotation": [0, 0, 90],
			"translation": [-4, -1.75, -2]
		},
		"ground": {
			"rotation": [0, 0, 90],
			"translation": [-5.75, 0, -4],
			"scale": [1.5, 1.5, 1.5]
		},
		"gui": {
			"translation": [1.75, 6, 0],
			"scale": [1.5, 1.5, 1.5]
		},
		"head": {
			"rotation": [0, 0, 90],
			"translation": [-4, 6.25, -7.25]
		},
		"fixed": {
			"translation": [2, 6, 0.25],
			"scale": [1.5, 1.5, 1.5]
		}
	},
	"groups": [
		{
			"name": "bandagem",
			"origin": [8, 8, 8],
			"color": 2,
			"children": [
				{
					"name": "tampa",
					"origin": [0, 0, 0],
					"color": 0,
					"children": [0]
				},
				{
					"name": "preenchimento",
					"origin": [8, 8, 8],
					"color": 2,
					"children": [1, 2, 3, 4, 5, 6, 7, 8, 9, 10, 11, 12, 13, 14, 15, 16, 17, 18, 19, 20]
				}
			]
		}
	]
}
